series,mean,q025,q975
me,1.5420650441646249,1.3660621858184308,1.7234042855886909
