series,mean,q025,q975
me,1.539000369650629,1.3648690602513749,1.719638569525239
