series,mean,q025,q975
marvel_a,2.136785882473516,1.8865352492074854,2.39826602370984
marvel_b,1.9217194379042835,-0.14228185906420912,3.387368878529932
