series,mean,q025,q975
co2,1.6543187676510094,1.3506482844331698,1.9710527774734607
