series,mean,q025,q975
had,1.560692574898479,1.385125634660789,1.742139152089971
cw,1.622046164353889,1.4386913283897358,1.8118682582153998
giss,1.7429658809924704,1.5437450581036607,1.9457599630336475
