series,mean,q025,q975
anthro,1.5488751540886392,1.3552025217145913,1.7500402709401834
