series,mean,q025,q975
marvel_a,2.129100807107308,1.873752890432782,2.3930508929023686
marvel_b,1.9151834285755058,0.40609344242856915,3.3613296209697583
