series,mean,q025,q975
had,1.552188802729355,1.3751218103459923,1.7344901066828993
cw,1.616689299744806,1.431612887790371,1.8074220646286867
giss,1.7314939782409902,1.5356687499664086,1.9360503116411625
