series,mean,q025,q975
me,1.5381917599989834,1.3641908189372947,1.7182734439953302
