variable,mean,median,sd,mad,q5,q95,rhat,ess_bulk,ess_tail
accept_stat__,0.8897152155,0.927054,0.115196935887551,0.0916669341,0.65385715,1,1.00935452966212,4693.89934167176,
stepsize__,0.6286455,0.6412385,0.0468227833806458,0.0321464745,0.552478,0.679627,Inf,4.03225806451613,
treedepth__,2.7115,3,0.454223876334631,0,2,3,1.02102377581305,210.16129350155,
n_leapfrog__,6.337,7,1.59720655119862,0,3,7,1.01713601993639,2517.98093192456,546.043466173036
divergent__,0,0,0,0,0,0,,,
energy__,-273.4069015,-273.778,2.68685045539199,2.59455000000004,-277.10715,-268.55555,1.00335877521712,1788.84415773178,2327.29863682125
