variable,mean,median,sd,mad,q5,q95,rhat,ess_bulk,ess_tail
accept_stat__,0.9155395154,0.9482455,0.0980850747646608,0.0657918575999999,0.718102,1,1.00927395467467,4829.96133393451,
stepsize__,0.49606075,0.488348,0.0395905035984805,0.043506897,0.455129,0.552418,Inf,4.03225806451613,
treedepth__,2.90925,3,0.355029504389772,0,2,3,1.01150639392692,2716.44059514727,3162.99838952988
n_leapfrog__,7.5635,7,2.66706693982648,0,3,15,1.0237696308857,163.49303005904,3572.98920455155
divergent__,0,0,0,0,0,0,,,
energy__,-191.91990775,-192.223,2.67919225486425,2.59455,-195.697,-187.0078,1.00573416779611,1650.95590071201,2570.93175224619
