variable,mean,median,sd,mad,q5,q95,rhat,ess_bulk,ess_tail
accept_stat__,0.89796464075,0.932682,0.108843748431076,0.0859381677,0.67874595,1,1.00631003990668,5207.44066598069,
stepsize__,0.6234035,0.642939,0.0450763710002884,0.0186140430000001,0.546879,0.660857,Inf,4.03225806451613,
treedepth__,2.74575,3,0.436067054613198,0,2,3,1.01151148755808,2949.12195618155,
n_leapfrog__,6.4175,7,1.47994638765314,0,3,7,1.00584504560738,3348.81422052849,3326.37193196624
divergent__,0,0,0,0,0,0,,,
energy__,-289.84256675,-290.232,2.72175374242473,2.55600239999998,-293.54805,-284.7747,0.999829670418965,1535.08026377849,2548.94937350357
