variable,mean,median,sd,mad,q5,q95,rhat,ess_bulk,ess_tail
accept_stat__,0.90223294075,0.936535,0.104253465730891,0.081528174,0.68825745,1,1.00211310762858,5073.94570820187,
stepsize__,0.57168375,0.5633665,0.019947537172476,0.00668949120000002,0.554364,0.605638,Inf,4.03225806451613,
treedepth__,2.78,3,0.414901236150171,0,2,3,1.00676150937263,3319.71756276097,
n_leapfrog__,6.56,7,1.56109232664602,0,3,7,1.00527453149727,3759.9039023293,3717.57056751571
divergent__,0,0,0,0,0,0,,,
energy__,-271.20021525,-271.5135,2.63458849320906,2.57082840000001,-274.93935,-266.48775,1.00132660281576,1688.33094869098,2534.76029125075
