mu,sigma,tcr_mean,yrs,thresh
0,0.17696,1.4594355733228,142,1.5
0.3,0.1587,1.45678364010299,140,1.5
0.2,0.1587,1.4509244487567,142,1.5
0.1,0.1587,1.45003537433696,143,1.5
0,0.1587,1.45196724112214,145,1.5
0.5,0.14044,1.4522035365823,140,1.5
0.4,0.14044,1.45038425187971,143,1.5
0.3,0.14044,1.45568538090095,146,1.5
0.2,0.14044,1.45359191961208,147,1.5
0.1,0.14044,1.45232594785829,150,1.5
0,0.14044,1.45001990527695,151,1.5
0.8,0.12218,1.46246507327679,140,1.5
0.7,0.12218,1.45750864084867,143,1.5
0.6,0.12218,1.4520978805906,145,1.5
0.5,0.12218,1.45300139350787,147,1.5
0.4,0.12218,1.45555061425753,151,1.5
0.3,0.12218,1.45802618470485,162,1.5
0.2,0.12218,1.45212208533179,162,1.5
0.1,0.12218,1.45098660484704,169,1.5
0,0.12218,1.45249761128388,171,1.5
0.9,0.10392,1.45576022612173,143,1.5
0.8,0.10392,1.45536259216053,146,1.5
0.7,0.10392,1.45593143228443,151,1.5
0.6,0.10392,1.45679128958911,162,1.5
0.5,0.10392,1.45068334514776,163,1.5
0.4,0.10392,1.45293283615153,171,1.5
0.3,0.10392,1.45039723900998,182,1.5
0.2,0.10392,1.45083816459354,184,1.5
0.1,0.10392,1.45122858002051,185,1.5
0,0.10392,1.45128988320763,188,1.5
1,0.08566,1.45227352698813,146,1.5
0.9,0.08566,1.45145399169672,160,1.5
0.8,0.08566,1.45037076727446,163,1.5
0.7,0.08566,1.45063982097811,172,1.5
0.6,0.08566,1.45008094774941,184,1.5
0.5,0.08566,1.45149207005004,186,1.5
0.4,0.08566,1.45017847584592,189,1.5
0.3,0.08566,1.45024894643815,191,1.5
0.2,0.08566,1.45052161881686,198,1.5
0.1,0.08566,1.45114256190886,201,1.5
0,0.08566,1.45000664832611,209,1.5
1,0.0674,1.45119941109185,171,1.5
0.9,0.0674,1.45252335985668,185,1.5
0.8,0.0674,1.4523173035883,190,1.5
0.7,0.0674,1.45004858440691,194,1.5
0.6,0.0674,1.45015226419924,201,1.5
0.5,0.0674,1.45046308332317,212,1.5
0.4,0.0674,1.44027511098413,235,1.5
0.3,0.0674,1.43132017685703,235,1.5
0.2,0.0674,1.42378735293243,235,1.5
0.1,0.0674,1.41384467030081,235,1.5
0,0.0674,1.40436736751629,235,1.5
